username,school_code,user_id
KAISM_23241670,KAISM,69e5d4a7889b8167976326d3
KAISM_23241676,KAISM,69e5d4a7889b8167976326d4
KAISM_23241725,KAISM,69e5d4a7889b8167976326d5
KAISM_23241736,KAISM,69e5d4a7889b8167976326d6
KAISM_24251807,KAISM,69e5d4a7889b8167976326d7
KAISM_24251834,KAISM,69e5d4a7889b8167976326d8
KAISM_24251843,KAISM,69e5d4a7889b8167976326d9
KAISM_24251907,KAISM,69e5d4a7889b8167976326da
KAISM_24251969,KAISM,69e5d4a7889b8167976326db
KAISM_24251983,KAISM,69e5d4a7889b8167976326dc
KAISM_24252032,KAISM,69e5d4a7889b8167976326dd
KAISM_24252047,KAISM,69e5d4a7889b8167976326de
KAISM_24252055,KAISM,69e5d4a7889b8167976326df
KAISM_25262099,KAISM,69e5d4a7889b8167976326e0
KAISM_25262130,KAISM,69e5d4a7889b8167976326e1
KAISM_25262273,KAISM,69e5d4a7889b8167976326e2
KAISM_25262282,KAISM,69e5d4a7889b8167976326e3
KAISM_25262324,KAISM,69e5d4a7889b8167976326e4
KAISM_20260096,KAISM,69e5d4a7889b8167976326e5
KAISM_20260095,KAISM,69e5d4a7889b8167976326e6
KAISM_20260094,KAISM,69e5d4a7889b8167976326e7
KAISM_20260093,KAISM,69e5d4a7889b8167976326e8
KAISM_23241585,KAISM,69e5d4a7889b8167976326e9
KAISM_23241712,KAISM,69e5d4a7889b8167976326ea
KAISM_23241732,KAISM,69e5d4a7889b8167976326eb
KAISM_24260101,KAISM,69e5d4a7889b8167976326ec
KAISM_24251841,KAISM,69e5d4a7889b8167976326ed
KAISM_24251882,KAISM,69e5d4a7889b8167976326ee
KAISM_24251889,KAISM,69e5d4a7889b8167976326ef
KAISM_24251936,KAISM,69e5d4a7889b8167976326f0
KAISM_24251952,KAISM,69e5d4a7889b8167976326f1
KAISM_24251977,KAISM,69e5d4a7889b8167976326f2
KAISM_24252015,KAISM,69e5d4a7889b8167976326f3
KAISM_25262085,KAISM,69e5d4a7889b8167976326f4
KAISM_20260092,KAISM,69e5d4a7889b8167976326f5
KAISM_25262121,KAISM,69e5d4a7889b8167976326f6
KAISM_25262181,KAISM,69e5d4a7889b8167976326f7
KAISM_25262201,KAISM,69e5d4a7889b8167976326f8
KAISM_25262274,KAISM,69e5d4a7889b8167976326f9
KAISM_25262340,KAISM,69e5d4a7889b8167976326fa
KAISM_20230111,KAISM,69e5d4a7889b8167976326fb
KAISM_23241728,KAISM,69e5d4a7889b8167976326fc
KAISM_24251804,KAISM,69e5d4a7889b8167976326fd
KAISM_24251810,KAISM,69e5d4a7889b8167976326fe
KAISM_24251819,KAISM,69e5d4a7889b8167976326ff
KAISM_24251833,KAISM,69e5d4a7889b816797632700
KAISM_24251898,KAISM,69e5d4a7889b816797632701
KAISM_24251944,KAISM,69e5d4a7889b816797632702
KAISM_24252044,KAISM,69e5d4a7889b816797632703
KAISM_24252061,KAISM,69e5d4a7889b816797632704
KAISM_24252063,KAISM,69e5d4a7889b816797632705
KAISM_20260091,KAISM,69e5d4a7889b816797632706
KAISM_25262144,KAISM,69e5d4a7889b816797632707
KAISM_25262178,KAISM,69e5d4a7889b816797632708
KAISM_25262299,KAISM,69e5d4a7889b816797632709
KAISM_25262301,KAISM,69e5d4a7889b81679763270a
KAISM_25262312,KAISM,69e5d4a7889b81679763270b
KAISM_25262334,KAISM,69e5d4a7889b81679763270c
KAISM_25262336,KAISM,69e5d4a7889b81679763270d
KAISM_20260090,KAISM,69e5d4a7889b81679763270e
KAISM_20260089,KAISM,69e5d4a7889b81679763270f
